,Number of Bachelor's Degrees,Percent Financial Aid,Average Amount of Aid,Retention Rate,Enrollment,Percent Women,Percent In State,Percent Out of State,Percent Foreign,Percent Unknown,Graduation Rate,Percent Awarded,Total Staff,Instructional Staff,SA Staff,Librarian Staff,Percent Books,Percent Digital,Percent Admitted,Total Price
0,208.0,100.0,32400.0,79.0,996,99.0,59.0,36.0,4.0,0.0,69.0,66.0,357.0,105.0,56.0,62.0,41,12,70.0,55625.0
1,310.0,100.0,40855.0,75.0,1533,54.0,66.0,32.0,1.0,0.0,64.0,61.0,435.0,132.0,21.0,27.0,37,54,68.0,59470.0
2,398.0,100.0,39796.0,68.0,1912,60.0,53.0,46.0,1.0,0.0,51.0,48.0,355.0,123.0,17.0,21.0,28,13,62.0,60636.0
3,382.0,100.0,38689.0,82.0,1771,56.0,50.0,45.0,4.0,0.0,74.0,70.0,426.0,160.0,41.0,50.0,27,46,64.0,63180.0
4,61.0,97.0,10055.0,37.0,698,45.0,64.0,34.0,0.0,2.0,31.0,10.0,115.0,41.0,4.0,7.0,20,76,64.0,23170.0
5,14.0,86.0,25048.0,70.0,68,63.0,83.0,17.0,0.0,0.0,60.0,27.0,115.0,12.0,0.0,5.0,38,51,96.0,54615.0
6,482.0,68.0,57627.0,96.0,1855,50.0,11.0,81.0,7.0,0.0,93.0,86.0,971.0,258.0,24.0,49.0,42,46,13.0,73966.0
7,22.0,100.0,30072.0,47.0,102,62.0,32.0,68.0,0.0,0.0,66.0,62.5,118.0,24.0,7.0,12.0,42,46,84.0,52628.0
8,331.0,100.0,23413.0,75.0,1578,59.0,84.0,13.0,3.0,0.0,61.0,33.0,323.0,127.0,31.0,40.0,28,64,69.0,44588.0
9,583.0,100.0,29396.0,88.0,2543,57.0,71.0,17.0,11.0,1.0,74.0,71.0,588.0,217.0,7.0,16.0,48,2,64.0,54907.0
10,270.0,100.0,30830.0,82.0,1280,51.0,93.0,6.0,1.0,1.0,70.0,69.0,298.0,109.0,3.0,13.0,79,15,55.0,55137.0
11,244.0,100.0,19906.0,72.0,1087,52.0,42.0,56.0,2.0,0.0,56.0,51.0,211.0,80.0,17.0,20.0,36,46,83.0,36261.0
12,399.0,75.0,45183.0,85.0,1882,60.0,28.0,56.0,17.0,0.0,75.0,69.0,865.0,257.0,110.0,145.0,40,55,65.0,72768.0
13,680.0,51.0,48128.0,95.0,2562,100.0,26.0,62.0,12.0,0.0,92.0,83.0,825.0,277.0,48.0,68.0,13,30,14.0,74777.0
14,469.0,44.0,44499.0,94.0,1832,50.0,8.0,83.0,0.0,9.0,89.0,84.0,773.0,190.0,31.0,55.0,28,59,18.0,71168.0
15,322.0,100.0,36958.0,78.0,1275,55.0,13.0,67.0,20.0,0.0,79.0,64.0,336.0,124.0,0.0,9.0,29,37,56.0,61584.0
16,56.0,100.0,22496.0,53.0,534,100.0,48.0,52.0,0.0,0.0,32.0,25.0,129.0,44.0,5.0,7.0,23,58,96.0,32817.0
17,151.0,96.0,34712.0,73.0,735,64.0,3.0,75.0,21.0,0.0,74.0,65.0,310.0,83.0,18.0,25.0,26,51,57.0,73270.0
18,306.0,100.0,44698.0,83.0,1673,58.0,39.0,53.0,7.0,0.0,63.0,48.0,826.0,152.0,24.0,38.0,49,42,38.0,49854.0
19,120.0,100.0,23575.0,67.0,557,40.0,15.0,82.0,1.0,2.0,34.0,37.0,168.0,55.0,8.0,11.0,23,32,91.0,44153.0
20,128.0,99.0,20468.0,80.0,739,52.0,67.0,20.0,13.0,1.0,55.0,50.0,134.0,50.0,13.0,16.0,25,11,78.0,38370.0
21,477.0,97.0,12103.0,65.0,3620,62.0,72.0,27.0,2.0,0.0,34.0,14.0,568.0,200.0,24.0,36.0,15,62,64.0,29876.0
22,340.0,97.0,9176.0,80.0,1268,52.0,62.0,37.0,1.0,0.0,68.0,61.0,314.0,108.0,22.0,28.0,40,35,57.0,34400.0
23,113.0,100.0,14804.0,70.0,566,60.0,83.0,14.0,3.0,0.0,52.0,30.0,109.0,46.0,1.0,3.0,93,4,52.0,31990.0
24,283.0,100.0,24648.0,60.0,1662,62.0,95.0,4.0,1.0,0.0,34.0,11.0,301.0,114.0,11.0,12.0,32,66,61.0,45946.0
25,472.0,56.0,46902.0,98.0,1828,51.0,10.0,81.0,9.0,0.0,95.0,89.0,947.0,234.0,0.0,34.0,50,37,10.0,70710.0
26,40.0,100.0,12966.0,42.0,826,44.0,69.0,27.0,4.0,1.0,22.0,15.0,100.0,36.0,9.0,11.0,92,0,97.0,31598.0
27,387.0,100.0,31304.0,68.0,1839,56.0,76.0,22.0,2.0,0.0,64.0,57.0,369.0,130.0,18.0,26.0,78,17,66.0,51310.0
28,55.0,100.0,13867.0,76.0,296,53.0,72.0,22.0,6.0,0.0,56.0,53.0,122.0,52.0,2.0,8.0,95,2,89.0,36496.0
29,334.0,75.0,37144.0,92.0,1360,100.0,10.0,68.0,22.0,0.0,87.0,78.0,647.0,182.0,15.0,28.0,39,49,34.0,70860.0
30,864.0,59.0,33257.0,92.0,3597,51.0,20.0,73.0,7.0,0.0,88.0,84.0,1341.0,417.0,38.0,51.0,41,50,33.0,72750.0
31,461.0,78.0,39778.0,97.0,2097,50.0,16.0,72.0,12.0,0.0,93.0,88.0,673.0,258.0,42.0,61.0,35,41,20.0,71325.0
32,110.0,100.0,36817.0,76.0,552,57.0,51.0,48.0,0.0,1.0,60.0,42.0,165.0,62.0,4.0,9.0,20,24,60.0,54300.0
33,248.0,100.0,28754.0,79.0,1117,51.0,71.0,29.0,0.0,0.0,72.0,58.0,400.0,109.0,9.0,13.0,75,7,70.0,52098.0
34,329.0,100.0,31099.0,90.0,1434,51.0,56.0,39.0,5.0,0.0,81.0,85.0,433.0,133.0,18.0,23.0,50,16,73.0,55420.0
36,103.0,94.0,14479.0,36.0,466,59.0,85.0,15.0,0.0,0.0,15.0,5.0,132.0,37.0,0.0,3.0,83,5,64.0,29729.0
37,263.0,100.0,18808.0,55.0,1395,51.0,57.0,42.0,2.0,0.0,29.0,12.0,226.0,65.0,30.0,33.0,15,53,59.0,37070.0
38,327.0,52.0,49354.0,96.0,1324,48.0,35.0,47.0,18.0,0.0,93.0,86.0,472.0,176.0,37.0,37.0,29,62,9.0,73810.0
39,277.0,100.0,35805.0,75.0,1422,56.0,40.0,57.0,2.0,0.0,66.0,61.0,343.0,141.0,2.0,9.0,38,59,67.0,57200.0
40,462.0,44.0,51610.0,94.0,2000,52.0,8.0,81.0,11.0,0.0,90.0,84.0,732.0,220.0,41.0,74.0,21,27,13.0,71202.0
41,742.0,51.0,48772.0,94.0,2958,55.0,25.0,67.0,8.0,0.0,89.0,85.0,1021.0,347.0,32.0,55.0,54,32,25.0,72275.0
42,403.0,100.0,30791.0,89.0,1782,100.0,77.0,18.0,4.0,2.0,80.0,84.0,448.0,156.0,20.0,28.0,28,55,83.0,58668.0
43,83.0,100.0,36310.0,81.0,332,76.0,14.0,53.0,33.0,0.0,67.0,44.0,91.0,27.0,2.0,6.0,67,26,67.0,54918.0
44,698.0,75.0,34476.0,95.0,2939,51.0,37.0,60.0,3.0,0.0,92.0,87.0,1084.0,301.0,42.0,59.0,47,34,38.0,69190.0
45,559.0,53.0,39286.0,95.0,2114,55.0,13.0,77.0,9.0,0.0,89.0,80.0,862.0,225.0,89.0,112.0,45,37,15.0,71642.0
46,441.0,100.0,27611.0,85.0,2097,58.0,69.0,27.0,4.0,0.0,75.0,69.0,599.0,178.0,21.0,30.0,33,32,61.0,51798.0
47,403.0,94.0,31263.0,91.0,1844,61.0,16.0,76.0,8.0,0.0,81.0,80.0,701.0,230.0,18.0,31.0,32,56,38.0,71970.0
48,196.0,100.0,29720.0,82.0,1028,48.0,20.0,74.0,6.0,0.0,76.0,66.0,267.0,83.0,20.0,28.0,12,36,61.0,58381.0
49,215.0,100.0,22677.0,86.0,1002,52.0,26.0,70.0,4.0,0.0,71.0,58.0,211.0,73.0,10.0,14.0,94,0,97.0,47430.0
50,477.0,72.0,40880.0,95.0,1843,48.0,18.0,73.0,7.0,2.0,90.0,89.0,817.0,215.0,22.0,41.0,24,60,19.0,68594.0
51,529.0,97.0,30320.0,89.0,2394,54.0,18.0,65.0,16.0,1.0,85.0,78.0,726.0,266.0,9.0,29.0,22,64,34.0,66870.0
52,505.0,99.0,35367.0,91.0,2156,53.0,36.0,50.0,14.0,0.0,85.0,78.0,674.0,228.0,0.0,25.0,41,30,63.0,64924.0
53,597.0,84.0,38039.0,92.0,2399,58.0,21.0,66.0,14.0,0.0,84.0,82.0,887.0,255.0,48.0,62.0,30,47,49.0,71339.0
54,247.0,100.0,14388.0,69.0,1309,76.0,53.0,47.0,0.0,0.0,42.0,42.0,286.0,83.0,24.0,26.0,99,0,61.0,33684.0
55,435.0,100.0,22350.0,71.0,1008,45.0,64.0,35.0,1.0,0.0,65.0,58.0,297.0,102.0,5.0,7.0,14,61,68.0,48570.0
56,345.0,99.0,28355.0,84.0,1668,58.0,56.0,36.0,7.0,1.0,62.0,57.0,491.0,184.0,38.0,50.0,55,26,69.0,57230.0
57,194.0,100.0,36768.0,82.0,1050,54.0,19.0,60.0,21.0,0.0,64.0,64.0,342.0,126.0,43.0,54.0,11,68,65.0,59850.0
60,416.0,99.0,25477.0,82.0,2006,66.0,15.0,82.0,3.0,0.0,68.0,61.0,394.0,163.0,1.0,12.0,27,29,68.0,61576.0
61,497.0,100.0,31886.0,89.0,1633,61.0,69.0,30.0,2.0,0.0,73.0,69.0,467.0,141.0,19.0,25.0,79,2,76.0,60460.0
62,466.0,100.0,26833.0,78.0,2089,75.0,58.0,41.0,1.0,0.0,66.0,60.0,337.0,129.0,0.0,5.0,23,71,77.0,58153.0
63,197.0,100.0,29038.0,74.0,979,53.0,56.0,43.0,0.0,0.0,60.0,40.0,310.0,130.0,5.0,10.0,33,22,70.0,50800.0
64,89.0,94.0,12803.0,81.0,743,70.0,19.0,75.0,0.0,6.0,44.0,36.0,232.0,69.0,20.0,26.0,98,0,71.0,37070.0
65,644.0,93.0,13048.0,62.0,3272,52.0,43.0,56.0,1.0,0.0,44.0,24.0,508.0,185.0,3.0,13.0,19,30,91.0,36084.0
66,542.0,61.0,45933.0,92.0,2309,55.0,23.0,57.0,20.0,0.0,83.0,84.0,853.0,285.0,55.0,79.0,36,36,35.0,73070.0
67,205.0,100.0,22253.0,76.0,960,51.0,91.0,9.0,0.0,0.0,61.0,60.0,270.0,87.0,13.0,18.0,17,44,75.0,46156.0
68,600.0,94.0,29884.0,88.0,2768,59.0,26.0,71.0,3.0,1.0,80.0,78.0,933.0,293.0,42.0,55.0,18,41,61.0,65024.0
69,191.0,100.0,34013.0,63.0,961,55.0,74.0,24.0,1.0,0.0,58.0,50.0,290.0,104.0,12.0,18.0,14,28,48.0,51930.0
70,611.0,90.0,34270.0,90.0,2441,52.0,26.0,70.0,3.0,0.0,82.0,84.0,823.0,257.0,30.0,57.0,17,12,45.0,68990.0
71,388.0,100.0,21407.0,83.0,1618,63.0,29.0,64.0,5.0,2.0,70.0,61.0,498.0,136.0,72.0,78.0,33,49,75.0,50670.0
72,284.0,100.0,31802.0,77.0,1525,68.0,42.0,55.0,2.0,1.0,71.0,53.0,447.0,143.0,22.0,31.0,29,48,80.0,62506.0
73,403.0,89.0,38498.0,92.0,1716,54.0,8.0,73.0,17.0,2.0,84.0,81.0,740.0,214.0,38.0,64.0,39,47,24.0,68302.0
74,506.0,77.0,7055.0,88.0,2338,48.0,49.0,50.0,1.0,0.0,82.0,77.0,367.0,130.0,16.0,24.5,33,57,79.0,29550.0
75,286.0,100.0,28060.0,68.0,1567,51.0,71.0,28.0,1.0,0.0,59.0,47.0,310.0,121.0,42.0,49.0,17,45,64.0,52770.0
76,524.0,99.0,35617.0,87.0,2241,58.0,78.0,19.0,3.0,0.0,78.0,80.0,587.0,203.0,6.0,15.0,54,6,66.0,57370.0
77,493.0,64.0,40873.0,94.0,2005,53.0,22.0,70.0,8.0,0.0,93.0,88.0,706.0,214.0,31.0,44.0,18,39,21.0,69990.0
78,206.0,100.0,27365.0,81.0,1072,0.0,73.0,25.0,0.0,1.0,66.0,60.0,351.0,106.0,0.0,8.0,37,33,59.0,62304.0
79,288.0,99.0,31528.0,79.0,1191,62.0,13.0,80.0,6.0,0.0,66.0,51.0,367.0,123.0,51.0,60.0,24,38,63.0,67174.0
80,220.0,100.0,29314.0,75.0,1104,55.0,65.0,31.0,3.0,0.0,72.0,64.0,247.0,86.0,25.0,32.0,27,29,79.0,51950.0
81,232.0,100.0,35583.0,69.0,1176,59.0,72.0,25.0,2.0,0.0,58.0,53.0,302.0,119.0,25.0,31.0,79,2,83.0,59370.0
82,211.0,75.0,37542.0,97.0,902,48.0,42.0,48.0,10.0,0.0,92.0,85.0,323.0,116.0,25.0,26.0,29,62,14.0,76947.0
83,321.0,52.0,51065.0,97.0,1310,51.0,10.0,75.0,14.0,0.0,92.0,86.0,601.0,166.0,26.0,45.0,25,60,19.0,73902.0
84,310.0,100.0,42156.0,86.0,1202,52.0,64.0,35.0,1.0,1.0,71.0,91.0,476.0,123.0,19.0,22.0,55,9,72.0,63174.0
85,329.0,97.0,18548.0,91.0,1468,48.0,25.0,73.0,1.0,1.0,87.0,73.0,612.0,166.0,67.0,78.0,11,81,36.0,41778.0
86,473.0,98.0,34279.0,86.0,2229,51.0,37.0,58.0,4.0,1.0,78.0,72.0,613.0,224.0,29.0,45.0,36,40,57.0,72040.0
87,141.0,100.0,34726.0,78.0,676,100.0,41.0,47.0,9.0,3.0,55.0,50.0,279.0,101.0,9.0,19.0,42,36,64.0,55655.0
88,705.0,96.0,17612.0,89.0,3149,62.0,68.0,30.0,2.0,0.0,79.0,68.0,731.0,272.0,41.0,57.0,32,35,76.0,47000.0
89,247.0,99.0,20114.0,91.0,988,60.0,69.0,27.0,2.0,2.0,71.0,63.0,210.0,90.0,10.0,13.0,31,58,95.0,45626.0
91,200.0,100.0,25943.0,77.0,983,51.0,83.0,13.0,4.0,0.0,70.0,59.0,231.0,74.0,31.0,37.0,84,6,76.0,43870.0
92,389.0,100.0,31827.0,91.0,1693,52.0,78.0,19.0,3.0,0.0,79.0,75.0,475.0,158.0,33.0,38.0,50,13,59.0,61020.0
93,220.0,94.0,13253.0,69.0,1480,61.0,53.0,46.0,1.0,0.0,36.0,38.0,308.0,116.0,9.0,17.0,28,55,46.0,32136.0
94,48.0,100.0,18277.0,62.0,268,99.0,86.0,14.0,0.0,0.0,35.0,31.0,108.0,46.0,12.0,15.0,2,92,48.0,33272.0
95,316.0,100.0,33103.0,84.0,1423,57.0,63.0,31.0,5.0,0.0,79.0,72.0,402.0,136.0,18.0,22.0,21,71,70.0,60368.0
96,291.0,100.0,35051.0,91.0,1467,57.0,64.0,30.0,5.0,1.0,79.0,73.0,378.0,121.0,4.0,10.0,42,51,73.0,61531.0
97,434.0,73.0,33800.0,91.0,1730,55.0,10.0,78.0,12.0,0.0,87.0,89.0,641.0,216.0,15.0,25.0,21,57,36.0,71780.0
98,317.0,100.0,34798.0,81.0,1333,57.0,47.0,40.0,12.0,0.0,75.0,69.0,393.0,121.0,19.0,29.0,54,2,74.0,58324.0
99,615.0,57.0,44460.0,93.0,2642,52.0,18.0,74.0,8.0,0.0,87.0,85.0,874.0,270.0,25.0,41.0,38,45,29.0,71270.0
100,356.0,99.0,34421.0,83.0,1492,57.0,49.0,38.0,13.0,0.0,69.0,64.0,337.0,127.0,29.0,37.0,31,31,58.0,60980.0
101,176.0,97.0,9201.0,50.0,1232,48.0,62.0,38.0,0.0,0.0,24.0,13.0,258.0,71.0,12.0,16.0,56,31,64.0,21900.0
102,350.0,100.0,33979.0,85.0,1463,54.0,22.0,65.0,14.0,0.0,80.0,64.0,513.0,186.0,29.0,42.0,52,20,62.0,60141.0
103,520.0,95.0,30358.0,82.0,2087,61.0,10.0,86.0,4.0,0.0,75.0,75.0,698.0,287.0,54.0,73.0,48,37,74.0,66526.0
104,307.0,100.0,29144.0,79.0,1376,61.0,59.0,40.0,1.0,0.0,65.0,57.0,347.0,155.0,10.0,17.0,37,47,81.0,59007.0
105,390.0,96.0,6252.0,56.0,3164,69.0,93.0,5.0,0.0,1.0,30.0,12.0,253.0,112.0,5.0,10.0,13,69,56.0,26526.0
106,489.0,100.0,31966.0,84.0,2005,57.0,27.0,63.0,10.0,0.0,79.0,71.0,445.0,177.0,18.0,26.0,34,48,63.0,55805.0
107,255.0,100.0,35487.0,75.0,1142,53.0,53.0,41.0,7.0,0.0,67.0,59.0,304.0,97.0,8.0,15.0,47,46,66.0,56155.0
108,124.0,100.0,22736.0,71.0,655,43.0,54.0,45.0,1.0,0.0,49.0,35.0,180.0,56.0,12.0,16.0,36,31,50.0,41420.0
109,532.0,83.0,37169.0,96.0,2174,60.0,18.0,65.0,17.0,0.0,90.0,84.0,654.0,223.0,70.0,91.0,38,27,41.0,68627.0
110,22.0,100.0,22603.0,73.0,83,54.0,29.0,71.0,0.0,0.0,69.0,58.0,18.0,8.0,4.0,5.0,83,17,39.0,34756.0
111,343.0,98.0,9014.0,71.0,1597,61.0,86.0,14.0,0.0,0.0,46.0,30.0,336.0,140.0,0.0,7.0,86,1,92.0,38762.0
112,27.0,100.0,32455.0,61.0,142,56.0,13.0,84.0,3.0,0.0,63.0,55.0,98.0,37.0,0.0,3.0,23,50,59.0,56458.0
113,192.0,84.0,17045.0,54.0,735,49.0,68.0,12.0,20.0,0.0,33.0,24.0,123.0,42.0,5.0,6.0,11,74,64.0,55822.0
114,412.0,98.0,17484.0,68.0,2063,78.0,24.0,72.0,3.0,1.0,48.0,35.0,403.0,186.0,10.0,17.0,12,70,78.0,58110.0
115,288.0,100.0,7761.0,70.0,1277,62.0,72.0,27.0,0.0,0.0,56.0,39.0,349.0,117.0,41.0,48.0,32,45,74.0,34910.0
116,386.0,100.0,22203.0,80.0,1603,100.0,85.0,9.0,6.0,0.0,61.0,51.0,464.0,162.0,39.0,50.0,23,48,63.0,50796.0
117,640.0,53.0,48613.0,96.0,2564,53.0,4.0,85.0,1.0,10.0,91.0,86.0,1182.0,336.0,43.0,62.0,38,42,17.0,71980.0
118,163.0,100.0,31896.0,79.0,799,52.0,44.0,47.0,5.0,4.0,64.0,68.0,286.0,93.0,0.0,5.0,24,26,59.0,56631.0
119,196.0,100.0,30968.0,73.0,914,50.0,71.0,27.0,2.0,0.0,57.0,47.0,281.0,98.0,17.0,24.0,11,11,69.0,49590.0
120,547.0,100.0,28466.0,81.0,2139,61.0,69.0,30.0,1.0,0.0,68.0,67.0,500.0,212.0,5.0,12.0,49,43,73.0,60164.0
121,392.0,95.0,20025.0,75.0,2206,0.0,23.0,76.0,1.0,0.0,54.0,38.0,367.0,155.0,6.0,6.0,12,3,58.0,48500.0
122,538.0,75.0,34470.0,92.0,2208,100.0,17.0,55.0,28.0,0.0,83.0,77.0,932.0,229.0,56.0,78.0,36,51,51.0,66558.0
123,568.0,95.0,33530.0,88.0,2340,61.0,27.0,71.0,2.0,0.0,82.0,81.0,631.0,236.0,24.0,25.0,20,56,62.0,67535.0
124,213.0,99.0,12529.0,76.0,808,62.0,77.0,19.0,3.0,2.0,60.0,54.0,318.0,100.0,4.0,12.0,82,13,77.0,43678.0
126,665.0,88.0,31024.0,89.0,2785,57.0,6.0,81.0,13.0,0.0,86.0,72.0,1030.0,336.0,29.0,74.0,62,16,36.0,74636.0
127,474.0,75.0,38770.0,90.0,1930,58.0,37.0,56.0,7.0,0.0,85.0,76.0,710.0,212.0,33.0,52.0,19,62,37.0,74132.0
128,217.0,99.0,30402.0,80.0,1264,57.0,81.0,17.0,2.0,0.0,54.0,34.0,190.0,80.0,9.0,14.0,11,78,62.0,55250.0
129,299.0,100.0,33663.0,77.0,1561,54.0,53.0,36.0,8.0,2.0,67.0,61.0,459.0,183.0,27.0,43.0,32,40,69.0,61910.0
130,22.0,72.0,6143.0,60.0,126,43.0,73.0,14.0,5.0,9.0,29.0,16.0,17.0,6.0,3.0,4.0,98,0,70.0,21877.0
131,186.0,99.0,29997.5,72.0,1351,40.0,89.0,9.0,2.0,0.0,47.0,18.0,196.0,94.0,3.0,5.0,40,27,87.0,41226.0
132,33.0,100.0,30529.0,64.0,373,43.0,56.0,44.0,0.0,0.0,38.0,23.0,124.0,52.0,13.0,18.0,40,47,41.0,48290.0
133,264.0,48.0,36748.0,91.0,1072,56.0,34.0,58.0,8.0,0.0,84.0,83.0,334.0,105.0,37.0,41.0,29,62,13.0,72900.0
134,392.0,61.0,53449.0,97.0,1573,51.0,26.0,74.0,0.0,0.0,94.0,92.0,767.0,228.0,61.0,65.0,29,62,8.0,71996.0
135,199.0,100.0,32902.0,76.0,1080,53.0,72.0,26.0,2.0,0.0,66.0,59.0,329.0,111.0,4.0,10.0,19,64,69.0,52910.0
136,97.0,99.0,28186.0,88.0,447,45.0,11.0,72.0,17.0,0.0,75.0,60.0,312.0,72.0,16.0,22.0,29,67,92.0,43080.0
137,22.0,100.0,21865.0,77.0,171,45.0,80.0,17.0,0.0,3.0,33.0,56.0,36.0,12.0,0.0,1.0,23,51,88.0,45929.0
138,27.0,96.0,9526.0,41.0,295,41.0,73.0,26.0,0.0,1.0,23.0,39.0,45.0,23.0,2.0,3.0,97,1,50.0,27656.0
139,119.0,100.0,30563.0,65.0,600,63.0,75.0,23.0,1.0,1.0,59.0,54.0,262.0,68.0,5.0,13.0,17,63,87.0,57115.0
140,332.0,100.0,27640.0,86.0,1488,53.0,77.0,20.0,3.0,0.0,66.0,52.0,400.0,127.0,29.0,39.0,15,55,67.0,55860.0
141,343.0,60.0,41067.0,88.0,1483,54.0,6.0,84.0,10.0,0.0,81.0,66.0,525.0,170.0,24.0,48.0,22,63,35.0,73207.0
142,492.0,96.0,32069.0,90.0,2008,56.0,28.0,68.0,4.0,0.0,85.0,76.0,531.0,198.0,12.0,18.0,57,17,45.0,63040.0
143,157.0,99.0,31602.0,79.0,807,53.0,70.0,29.0,0.0,0.0,68.0,57.0,174.0,65.0,6.0,9.0,36,40,69.0,54558.0
144,439.0,100.0,32655.0,78.0,2014,58.0,54.0,44.0,2.0,0.0,67.0,57.0,473.0,187.0,9.0,13.0,11,16,72.0,61095.0
145,85.0,100.0,6349.0,49.0,846,59.0,34.0,64.0,0.0,2.0,33.0,19.0,171.0,44.0,11.0,21.0,99,0,53.0,16700.0
146,430.0,99.0,24812.0,91.0,2024,61.0,18.0,81.0,1.0,0.0,77.0,68.0,618.0,178.0,15.0,37.0,24,47,77.0,59294.0
147,384.0,100.0,31031.0,87.0,1667,0.0,73.0,22.0,4.0,1.0,76.0,73.0,459.0,144.0,22.0,39.0,41,45,80.0,57809.0
148,339.0,100.0,29849.0,85.0,1485,99.0,31.0,67.0,1.0,0.0,78.0,71.0,439.0,172.0,16.0,25.0,33,37,82.0,57300.0
149,427.0,100.0,29229.0,84.0,1694,54.0,12.0,86.0,2.0,0.0,77.0,73.0,391.0,141.0,18.0,28.0,34,38,83.0,59765.0
150,529.0,100.0,23167.0,83.0,2132,59.0,79.0,21.0,0.0,0.0,71.0,67.0,586.0,149.0,29.0,39.0,36,34,78.0,50133.0
151,373.0,100.0,27804.0,82.0,1676,45.0,74.0,25.0,0.0,0.0,77.0,62.0,403.0,132.0,14.0,26.0,97,0,68.0,50329.0
152,187.0,98.0,27132.0,72.0,704,97.0,73.0,24.0,0.0,3.0,60.0,57.0,180.0,75.0,0.0,5.0,15,73,39.0,46926.0
153,310.0,86.0,31847.0,80.0,1410,73.0,17.0,69.0,12.0,1.0,73.0,76.0,449.0,179.0,15.0,25.0,28,48,56.0,72670.0
154,243.0,60.0,34054.0,92.0,1052,100.0,37.0,58.0,5.0,0.0,88.0,80.0,325.0,108.0,33.0,35.0,29,62,24.0,73756.0
155,638.0,96.0,7781.0,69.0,3380,56.0,64.0,35.0,1.0,0.0,48.0,27.0,458.0,190.0,20.0,30.0,58,2,89.0,32403.0
156,347.0,100.0,31789.0,77.0,1396,53.0,81.0,19.0,0.0,0.0,70.0,53.0,301.0,126.0,1.0,5.0,12,17,84.0,52040.0
157,599.0,60.0,48141.0,91.0,2612,61.0,31.0,57.0,12.0,0.0,86.0,85.0,980.0,320.0,28.0,47.0,71,17,27.0,71730.0
158,616.0,71.0,43796.0,93.0,2502,100.0,12.0,72.0,16.0,0.0,89.0,86.0,1173.0,375.0,103.0,147.0,28,50,31.0,72701.0
159,118.0,100.0,34557.0,92.0,428,66.0,24.0,31.0,45.0,0.0,90.0,86.0,215.0,60.0,3.0,13.0,17,62,39.0,48996.0
160,149.0,100.0,7284.0,81.0,1023,53.0,12.0,84.0,1.0,3.0,31.0,24.0,213.0,63.0,15.0,18.0,15,73,69.0,28261.0
161,330.0,100.0,28070.0,81.0,1434,55.0,90.0,8.0,2.0,0.0,74.0,66.0,415.0,125.0,18.0,25.0,27,57,45.0,55970.0
162,465.0,97.0,9831.0,91.0,2171,100.0,23.0,76.0,1.0,0.0,75.0,73.0,596.0,202.0,21.0,24.0,12,3,39.0,52929.0
163,272.0,100.0,33391.0,72.0,1254,61.0,41.0,54.0,5.0,0.0,59.0,45.0,231.0,101.0,5.0,9.0,34,49,66.0,57676.0
164,573.0,100.0,36583.0,89.0,2441,55.0,36.0,55.0,9.0,0.0,82.0,80.0,750.0,213.0,99.0,122.0,50,36,46.0,70630.0
165,697.0,98.0,32811.0,91.0,3048,57.0,42.0,48.0,9.0,0.0,86.0,85.0,675.0,252.0,40.0,59.0,27,48,50.0,60590.0
166,81.0,98.0,35333.0,91.0,474,48.0,14.0,67.0,19.0,0.0,76.0,70.0,162.0,59.0,0.0,6.0,94,1,67.0,67325.0
167,70.0,97.0,43129.0,74.0,320,44.0,18.0,63.0,18.0,0.0,64.0,42.0,149.0,43.0,0.0,2.0,93,0,58.0,67916.0
168,392.0,95.0,9453.0,82.0,1552,58.0,92.0,7.0,0.0,0.0,80.0,65.0,423.0,160.0,7.0,20.0,46,5,80.0,46140.0
169,30.0,95.0,27755.0,57.0,136,48.0,45.0,35.0,0.0,20.0,44.0,57.0,48.0,17.0,5.0,6.0,34,9,93.0,50900.0
171,93.0,98.0,7220.0,68.0,797,57.0,77.0,22.0,1.0,0.0,29.0,9.0,141.0,46.0,1.0,5.0,42,55,39.0,25092.0
172,603.0,100.0,24951.0,87.0,2535,60.0,64.0,34.0,1.0,0.0,79.0,76.0,617.0,207.0,0.0,16.0,13,24,70.0,61246.0
173,905.0,84.0,8626.0,81.0,4134,58.0,85.0,14.0,1.0,0.0,63.0,54.0,803.0,269.0,15.0,32.0,71,2,65.0,36762.0
174,521.0,98.0,35078.0,80.0,2393,57.0,62.0,36.0,2.0,0.0,71.0,70.0,514.0,183.0,5.0,14.0,12,55,72.0,62480.0
175,395.0,63.0,51408.0,97.0,1559,51.0,9.0,78.0,13.0,0.0,94.0,88.0,908.0,233.0,70.0,101.0,36,47,9.0,71167.0
176,26.0,99.0,11863.0,73.0,336,97.0,49.0,48.0,3.0,0.0,46.0,54.0,198.0,49.0,4.0,5.0,85,0,76.0,38100.0
177,101.0,61.0,8481.0,70.0,1208,49.0,22.0,77.0,0.0,1.0,24.0,10.0,167.0,53.0,0.0,3.0,11,88,64.0,23745.0
178,180.0,100.0,22306.0,79.0,946,52.0,53.0,27.0,0.0,20.0,70.0,46.0,256.0,97.0,5.0,7.0,23,10,49.0,43349.0
179,450.0,99.0,35748.0,87.0,2004,54.0,29.0,52.0,17.0,2.0,75.0,69.0,669.0,199.0,46.0,62.0,23,21,54.0,64000.0
180,113.0,99.0,23164.0,79.0,554,66.0,9.0,86.0,6.0,0.0,51.0,47.0,99.0,35.0,0.0,1.0,7,92,54.0,58425.0
181,389.0,98.0,25979.0,89.0,1698,51.0,22.0,74.0,4.0,0.0,84.0,79.0,733.0,186.0,29.0,34.0,37,40,65.0,60950.0
182,258.0,98.0,10444.0,72.0,2065,62.0,85.0,13.0,1.0,0.0,48.0,22.0,354.0,138.0,0.0,5.0,37,58,77.0,42323.0
183,83.0,80.0,14665.0,91.0,407,51.0,36.0,58.0,7.0,0.0,86.0,75.0,90.0,38.0,0.0,1.0,81,0,78.0,36738.0
184,25.0,96.0,16111.0,77.0,90,58.0,26.0,74.0,0.0,0.0,30.0,75.0,20.0,8.0,0.0,0.0,51,0,50.0,33500.0
185,113.0,100.0,9653.0,74.0,726,68.0,70.0,28.0,2.0,0.0,35.0,24.0,276.0,67.0,0.0,1.0,31,10,91.0,22840.0
186,230.0,100.0,26418.0,82.0,987,59.0,80.0,19.0,1.0,0.0,75.0,70.0,283.0,91.0,14.0,22.0,24,39,89.0,52310.0
187,506.0,56.0,46132.0,91.0,2182,50.0,15.0,69.0,15.0,0.0,84.0,80.0,687.0,247.0,67.0,86.0,17,23,34.0,74160.0
188,514.0,85.0,31272.0,95.0,2197,46.0,29.0,60.0,0.0,11.0,88.0,81.0,800.0,219.0,6.0,20.0,18,25,39.0,70860.0
194,73.0,99.0,7687.0,55.0,675,71.0,85.0,14.0,1.0,0.0,29.0,18.0,81.0,39.0,1.0,2.0,17,59,64.0,27195.0
195,325.0,98.0,12038.0,78.0,1552,57.0,77.0,20.0,3.0,0.0,66.0,50.0,364.0,134.0,4.0,11.0,21,67,63.0,26284.0
196,194.0,89.0,8502.0,84.0,727,53.0,96.0,4.0,0.0,0.0,41.0,41.0,115.0,63.0,4.0,7.0,43,48,93.0,45506.0
197,802.0,94.0,7144.0,73.0,3743,57.0,84.0,15.0,1.0,0.0,63.0,38.0,721.0,253.0,38.0,44.0,24,66,94.0,36912.0
198,182.0,100.0,17047.0,60.0,1499,53.0,78.0,21.0,1.0,0.0,29.0,15.0,324.0,108.0,19.0,31.0,13,49,64.0,37750.0
199,240.0,96.0,8880.0,67.0,1508,54.0,92.0,7.0,1.0,0.0,35.0,25.0,181.0,80.0,0.0,0.0,55,30,73.0,40522.0
202,552.0,100.0,26508.0,81.0,2364,60.0,26.0,73.0,1.0,0.0,76.0,70.0,681.0,260.0,34.0,51.0,37,41,88.0,65616.0
203,825.0,64.0,41609.0,93.0,3295,53.0,16.0,74.0,9.0,0.0,87.0,84.0,1696.0,478.0,113.0,156.0,33,42,30.0,67020.0
204,152.0,96.0,12032.0,62.0,852,68.0,100.0,0.0,0.0,0.0,46.0,26.0,151.0,49.0,12.0,14.0,24,1,53.0,28710.0
205,351.0,93.0,7020.0,63.0,2116,69.0,83.0,15.0,1.0,0.0,32.0,10.0,267.0,114.0,3.0,9.0,17,82,63.0,36188.0
206,26.0,83.0,9373.0,18.0,140,56.0,89.0,6.0,6.0,0.0,48.0,17.0,55.0,15.0,10.0,11.0,57,2,64.0,25914.0
207,718.0,81.0,5353.0,71.0,4060,53.0,85.0,14.0,1.0,0.0,38.0,5.0,474.0,189.0,6.0,18.0,37,42,67.0,27586.0
208,417.0,76.0,4261.0,70.0,2296,62.0,44.0,42.0,14.0,0.0,36.0,23.0,364.0,133.0,7.0,14.0,7,79,78.0,27284.0
209,320.0,99.0,37320.0,89.0,1435,51.0,59.0,39.0,2.0,0.0,79.0,73.0,393.0,135.0,16.0,22.0,32,59,71.0,68122.0
210,627.0,61.0,47917.0,96.0,2456,59.0,22.0,65.0,0.0,13.0,92.0,87.0,1040.0,301.0,30.0,70.0,46,38,25.0,72760.0
211,351.0,92.0,16807.0,89.0,1685,13.0,57.0,42.0,1.0,0.0,78.0,64.0,607.0,161.0,8.0,19.0,32,51,51.0,58338.0
212,252.0,96.0,9978.0,68.0,1193,55.0,61.0,38.0,0.0,1.0,33.0,16.0,307.0,105.0,37.0,48.0,48,32,44.0,31358.0
213,16.0,98.0,3519.0,89.0,233,33.0,49.0,50.0,0.0,1.0,13.0,19.0,54.0,15.0,14.0,15.0,99,0,64.0,25329.0
214,259.0,100.0,24820.0,62.0,1351,59.0,75.0,25.0,0.0,0.0,52.0,37.0,269.0,105.0,40.0,46.0,27,51,70.0,50517.0
215,198.0,100.0,35965.0,86.0,882,0.0,73.0,22.0,4.0,0.0,71.0,64.0,273.0,92.0,0.0,4.0,30,58,65.0,57250.0
216,101.0,97.0,26150.0,65.0,657,65.0,42.0,55.0,2.0,1.0,52.0,46.0,205.0,67.0,27.0,32.0,19,60,86.0,51100.0
217,269.0,98.0,31180.0,79.0,1498,53.0,65.0,29.0,6.0,0.0,67.0,64.0,363.0,115.0,0.0,4.0,30,37,76.0,53675.0
218,310.0,100.0,35421.0,81.0,1356,49.0,72.0,27.0,1.0,0.0,73.0,71.0,360.0,127.0,11.0,19.0,40,3,82.0,61814.0
219,434.0,66.0,47199.0,96.0,1829,50.0,16.0,79.0,4.0,0.0,95.0,88.0,915.0,263.0,0.0,23.0,40,44,21.0,70500.0
220,317.0,100.0,33014.0,84.0,1367,59.0,41.0,58.0,1.0,0.0,68.0,70.0,489.0,131.0,38.0,45.0,41,43,64.0,64542.0
221,577.0,66.0,52403.0,96.0,2534,98.0,12.0,72.0,15.0,1.0,92.0,82.0,1106.0,350.0,21.0,52.0,29,43,20.0,72250.0
222,109.0,100.0,34448.0,70.0,471,64.0,71.0,27.0,2.0,0.0,60.0,50.0,173.0,50.0,12.0,15.0,26,72,79.0,56650.0
223,173.0,100.0,21425.0,78.0,725,92.0,85.0,12.0,3.0,0.0,52.0,49.0,169.0,66.0,18.0,23.0,19,65,48.0,34860.0
224,763.0,47.0,50786.0,96.0,3009,55.0,6.0,80.0,14.0,0.0,89.0,87.0,966.0,387.0,38.0,78.0,47,40,17.0,72669.0
225,164.0,100.0,19254.0,76.0,717,44.0,82.0,16.0,3.0,0.0,58.0,54.0,172.0,59.0,27.0,32.0,13,69,66.0,42630.0
226,253.0,100.0,28351.0,77.0,1198,53.0,72.0,28.0,0.0,0.0,73.0,62.0,306.0,106.0,3.0,10.0,52,1,94.0,50186.0
227,290.0,99.0,29923.0,82.0,1277,61.0,70.0,29.0,1.0,0.0,75.0,74.0,327.0,124.0,31.0,39.0,9,12,62.0,62600.0
228,621.0,88.0,20409.0,92.0,2401,55.0,21.0,70.0,9.0,0.0,87.0,82.0,832.0,261.0,21.0,44.0,57,26,83.0,49300.0
229,309.0,99.0,38167.0,87.0,1760,61.0,34.0,58.0,0.0,8.0,78.0,76.0,509.0,156.0,15.0,24.0,51,29,70.0,68050.0
230,337.0,88.0,26260.0,90.0,1475,57.0,27.0,66.0,7.0,0.0,87.0,82.0,503.0,198.0,16.0,34.0,48,37,50.0,68082.0
231,356.0,98.0,32748.0,76.0,1732,58.0,78.0,19.0,2.0,1.0,66.0,58.0,402.0,150.0,74.0,78.0,28,27,76.0,63828.0
232,441.0,100.0,28273.0,83.0,1808,58.0,26.0,73.0,0.0,1.0,74.0,70.0,591.0,213.0,8.0,26.0,55,33,84.0,65109.0
233,71.0,100.0,9682.0,52.0,479,43.0,67.0,28.0,6.0,0.0,38.0,30.0,117.0,33.0,8.0,11.0,39,61,56.0,29630.0
234,511.0,63.0,55897.0,99.0,2095,48.0,12.0,78.0,9.0,0.0,95.0,86.0,1133.0,342.0,44.0,83.0,28,56,13.0,73200.0
235,363.0,100.0,29504.0,70.0,1757,55.0,79.0,21.0,1.0,0.0,62.0,61.0,373.0,142.0,13.0,17.0,49,22,74.0,53056.0
236,379.0,98.0,31824.0,88.0,1666,53.0,55.0,42.0,3.0,0.0,81.0,77.0,440.0,152.0,23.0,34.0,14,60,64.0,60363.0
237,194.0,99.0,24513.0,76.0,1425,55.0,80.0,12.0,8.0,0.0,41.0,32.0,208.0,87.0,20.0,23.0,5,37,63.0,43389.0
