UnitID,Institution Name,Carnegie Classification 2018: Basic (HD2019),Number of students receiving a Bachelor's degree (DRVC2019),Percent of full-time first-time undergraduates awarded any financial aid (SFA1819),Average amount of federal  state  local or institutional grant aid awarded (SFA1819),Total price for out-of-state students living on campus 2018-19 (DRVIC2018),Percent admitted - men (DRVADM2018_RV),Percent admitted - women (DRVADM2018_RV),Full-time retention rate  2018 (EF2018D),Undergraduate enrollment (DRVEF2018),Percent of undergraduate enrollment that are women (DRVEF2018),Percent of first-time undergraduates - in-state (DRVEF2018),Percent of first-time undergraduates - out-of-state (DRVEF2018),Percent of first-time undergraduates - foreign countries (DRVEF2018),Percent of first-time undergraduates - residence unknown (DRVEF2018),Graduation rate  total cohort (DRVGR2018_RV),Percent full-time first-time receiving an award - 4 years (DRVOM2018_RV),Total FTE staff (DRVHR2018),Instructional FTE (DRVHR2018),Student and Academic Affairs and Other Education Services FTE (DRVHR2018),Librarians  Curators  and Archivists/Student and Academic Affairs and Other Education Services FTE (DRVHR2018),Physical books as a percent of the total library collection (DRVAL2018),Digital/Electronic books as a percent of the total library collection (DRVAL2018),Databases as a percent of the total library collection (DRVAL2018),
138600,Agnes Scott College,21,208,100,32400,55625,,70,79,996,99,59,36,4,0,69,66,357,105,56,62,41,12,0,
168546,Albion College,21,310,100,40855,59470,65,70,75,1533,54,66,32,1,0,64,61,435,132,21,27,37,54,0,
210571,Albright College,21,398,100,39796,60636,62,62,68,1912,60,53,46,1,0,51,48,355,123,17,21,28,13,0,
210669,Allegheny College,21,382,100,38689,63180,60,66,82,1771,56,50,45,4,0,74,70,426,160,41,50,27,46,0,
217624,Allen University,21,61,97,10055,23170,,,37,698,45,64,34,0,2,31,10,115,41,4,7,20,76,0,
116846,American Jewish University,21,14,86,25048,54615,89,100,70,68,63,83,17,0,0,60,27,115,12,0,5,38,51,0,
164465,Amherst College,21,482,68,57627,73966,14,12,96,1855,50,11,81,7,0,93,86,971,258,24,49,42,46,0,
483018,Antioch College,21,22,100,30072,52628,82,84,47,102,62,32,68,0,0,66,,118,24,7,12,42,46,0,
168786,Aquinas College,21,331,100,23413,44588,65,71,75,1578,59,84,13,3,0,61,33,323,127,31,40,28,64,0,
143084,Augustana College,21,583,100,29396,54907,62,65,88,2543,57,71,17,11,1,74,71,588,217,7,16,48,2,0,
222983,Austin College,21,270,100,30830,55137,56,55,82,1280,51,93,6,1,1,70,69,298,109,3,13,79,15,0,
446048,Ave Maria University,21,244,100,19906,36261,80,85,72,1087,52,42,56,2,0,56,51,211,80,17,20,36,46,0,
189088,Bard College,21,399,75,45183,72768,58,68,85,1882,60,28,56,17,0,75,69,865,257,110,145,40,55,0,
189097,Barnard College,21,680,51,48128,74777,0,14,95,2562,100,26,62,12,0,92,83,825,277,48,68,13,30,0,
160977,Bates College,21,469,44,44499,71168,20,16,94,1832,50,8,83,0,9,89,84,773,190,31,55,28,59,0,
238333,Beloit College,21,322,100,36958,61584,51,62,78,1275,55,13,67,20,0,79,64,336,124,0,9,29,37,0,
197993,Bennett College,21,56,100,22496,32817,,96,53,534,100,48,52,0,0,32,25,129,44,5,7,23,58,0,
230816,Bennington College,21,151,96,34712,73270,52,60,73,735,64,3,75,21,0,74,65,310,83,18,25,26,51,0,
156295,Berea College,21,306,100,44698,49854,39,38,83,1673,58,39,53,7,0,63,48,826,152,24,38,49,42,0,
237181,Bethany College,21,120,100,23575,44153,85,94,67,557,40,15,82,1,2,34,37,168,55,8,11,23,32,0,
173142,Bethany Lutheran College,21,128,99,20468,38370,79,77,80,739,52,67,20,13,1,55,50,134,50,13,16,25,11,0,
132602,Bethune-Cookman University,21,477,97,12103,29876,,,65,3620,62,72,27,2,0,34,14,568,200,24,36,15,62,0,
100937,Birmingham-Southern College,21,340,97,9176,34400,62,53,80,1268,52,62,37,1,0,68,61,314,108,22,28,40,35,0,
143288,Blackburn College,21,113,100,14804,31990,50,52,70,566,60,83,14,3,0,52,30,109,46,1,3,93,4,0,
183822,Bloomfield College,21,283,100,24648,45946,57,63,60,1662,62,95,4,1,0,34,11,301,114,11,12,32,66,0,
161004,Bowdoin College,21,472,56,46902,70710,12,9,98,1828,51,10,81,9,0,95,89,947,234,0,34,50,37,0,
139205,Brewton-Parker College,21,40,100,12966,31598,96,99,42,826,44,69,27,4,1,22,15,100,36,9,11,92,0,0,
231581,Bridgewater College,21,387,100,31304,51310,65,67,68,1839,56,76,22,2,0,64,57,369,130,18,26,78,17,0,
210492,Bryn Athyn College of the New Church,21,55,100,13867,36496,83,93,76,296,53,72,22,6,0,56,53,122,52,2,8,95,2,0,
211273,Bryn Mawr College,21,334,75,37144,70860,,34,92,1360,100,10,68,22,0,87,78,647,182,15,28,39,49,0,
211291,Bucknell University,21,864,59,33257,72750,31,35,92,3597,51,20,73,7,0,88,84,1341,417,38,51,41,50,0,
173258,Carleton College,21,461,78,39778,71325,19,20,97,2097,50,16,72,12,0,93,88,673,258,42,61,35,41,0,
158477,Centenary College of Louisiana,21,110,100,36817,54300,60,59,76,552,57,51,48,0,1,60,42,165,62,4,9,20,24,0,
153108,Central College,21,248,100,28754,52098,69,71,79,1117,51,71,29,0,0,72,58,400,109,9,13,75,7,0,
156408,Centre College,21,329,100,31099,55420,68,78,90,1434,51,56,39,5,0,81,85,433,133,18,23,50,16,0,
128780,Charter Oak State College,21,465,100,6629,,,,,1549,69,87,13,0,0,,,157,69,25,25,0,0,100,
211608,Cheyney University of Pennsylvania,21,103,94,14479,29729,,,36,466,59,85,15,0,0,15,5,132,37,0,3,83,5,0,
198303,Chowan University,21,263,100,18808,37070,62,57,55,1395,51,57,42,2,0,29,12,226,65,30,33,15,53,0,
112260,Claremont McKenna College,21,327,52,49354,73810,10,9,96,1324,48,35,47,18,0,93,86,472,176,37,37,29,62,0,
153144,Coe College,21,277,100,35805,57200,66,68,75,1422,56,40,57,2,0,66,61,343,141,2,9,38,59,0,
161086,Colby College,21,462,44,51610,71202,12,14,94,2000,52,8,81,11,0,90,84,732,220,41,74,21,27,0,
190099,Colgate University,21,742,51,48772,72275,23,27,94,2958,55,25,67,8,0,89,85,1021,347,32,55,54,32,0,
174747,College of Saint Benedict,21,403,100,30791,58668,,83,89,1782,100,77,18,4,2,80,84,448,156,20,28,28,55,0,
160959,College of the Atlantic,21,83,100,36310,54918,56,72,81,332,76,14,53,33,0,67,44,91,27,2,6,67,26,0,
166124,College of the Holy Cross,21,698,75,34476,69190,43,34,95,2939,51,37,60,3,0,92,87,1084,301,42,59,47,34,0,
126678,Colorado College,21,559,53,39286,71642,16,14,95,2114,55,13,77,9,0,89,80,862,225,89,112,45,37,0,
173300,Concordia College at Moorhead,21,441,100,27611,51798,59,63,85,2097,58,69,27,4,0,75,69,599,178,21,30,33,32,0,
128902,Connecticut College,21,403,94,31263,71970,31,42,91,1844,61,16,76,8,0,81,80,701,230,18,31,32,56,0,
153162,Cornell College,21,196,100,29720,58381,58,64,82,1028,48,20,74,6,0,76,66,267,83,20,28,12,36,0,
139393,Covenant College,21,215,100,22677,47430,97,97,86,1002,52,26,70,4,0,71,58,211,73,10,14,94,0,0,
198385,Davidson College,21,477,72,40880,68594,20,19,95,1843,48,18,73,7,2,90,89,817,215,22,41,24,60,0,
202523,Denison University,21,529,97,30320,66870,34,34,89,2394,54,18,65,16,1,85,78,726,266,9,29,22,64,0,
150400,DePauw University,21,505,99,35367,64924,60,65,91,2156,53,36,50,14,0,85,78,674,228,0,25,41,30,0,
212009,Dickinson College,21,597,84,38039,71339,47,50,92,2399,58,21,66,14,0,84,82,887,255,48,62,30,47,0,
158802,Dillard University,21,247,100,14388,33684,49,65,69,1309,76,53,47,0,0,42,42,286,83,24,26,99,0,0,
181020,Doane University,21,435,100,22350,48570,64,77,71,1008,45,64,35,1,0,65,58,297,102,5,7,14,61,0,
184348,Drew University,21,345,99,28355,57230,64,72,84,1668,58,56,36,7,1,62,57,491,184,38,50,55,26,0,
150455,Earlham College,21,194,100,36768,59850,62,69,82,1050,54,19,60,21,0,64,64,342,126,43,54,11,68,0,
144883,East-West University,21,72,97,7573,,,,33,394,47,99,1,0,0,10,8,51,20,12,14,33,12,0,
490850,East-West University,21,,,,,,,40,11,36,50,0,0,50,50,33,2,1,0,0,3,24,0,
133492,Eckerd College,21,416,99,25477,61576,62,70,82,2006,66,15,82,3,0,68,61,394,163,1,12,27,29,0,
212197,Elizabethtown College,21,497,100,31886,60460,74,77,89,1633,61,69,30,2,0,73,69,467,141,19,25,79,2,0,
165671,Emmanuel College,21,466,100,26833,58153,72,79,78,2089,75,58,41,1,0,66,60,337,129,0,5,23,71,0,
232025,Emory & Henry College,21,197,100,29038,50800,66,73,74,979,53,56,43,0,0,60,40,310,130,5,10,33,22,0,
220181,Fisk University,21,89,94,12803,37070,68,73,81,743,70,19,75,0,6,44,36,232,69,20,26,98,0,0,
127185,Fort Lewis College,21,644,93,13048,36084,90,92,62,3272,52,43,56,1,0,44,24,508,185,3,13,19,30,0,
212577,Franklin and Marshall College,21,542,61,45933,73070,31,39,92,2309,55,23,57,20,0,83,84,853,285,55,79,36,36,0,
150604,Franklin College,21,205,100,22253,46156,73,78,76,960,51,91,9,0,0,61,60,270,87,13,18,17,44,0,
218070,Furman University,21,600,94,29884,65024,56,64,88,2768,59,26,71,3,1,80,78,933,293,42,55,18,41,0,
156745,Georgetown College,21,191,100,34013,51930,48,48,63,961,55,74,24,1,0,58,50,290,104,12,18,14,28,0,
212674,Gettysburg College,21,611,90,34270,68990,46,45,90,2441,52,26,70,3,0,82,84,823,257,30,57,17,12,0,
165936,Gordon College,21,388,100,21407,50670,75,76,83,1618,63,29,64,5,2,70,61,498,136,72,78,33,49,0,
162654,Goucher College,21,284,100,31802,62506,73,84,77,1525,68,42,55,2,1,71,53,447,143,22,31,29,48,0,
153384,Grinnell College,21,403,89,38498,68302,23,26,92,1716,54,8,73,17,2,84,81,740,214,38,64,39,47,0,
212805,Grove City College,21,506,77,7055,29550,78,81,88,2338,48,49,50,1,0,82,77,,,,,33,57,0,
198613,Guilford College,21,286,100,28060,52770,63,66,68,1567,51,71,28,1,0,59,47,310,121,42,49,17,45,0,
173647,Gustavus Adolphus College,21,524,99,35617,57370,62,69,87,2241,58,78,19,3,0,78,80,587,203,6,15,54,6,0,
191515,Hamilton College,21,493,64,40873,69990,23,20,94,2005,53,22,70,8,0,93,88,706,214,31,44,18,39,0,
232256,Hampden-Sydney College,21,206,100,27365,62304,59,100,81,1072,0,73,25,0,1,66,60,351,106,0,8,37,33,0,
166018,Hampshire College,21,288,99,31528,67174,60,64,79,1191,62,13,80,6,0,66,51,367,123,51,60,24,38,0,
150756,Hanover College,21,220,100,29314,51950,76,82,75,1104,55,65,31,3,0,72,64,247,86,25,32,27,29,0,
191533,Hartwick College,21,232,100,35583,59370,79,86,69,1176,59,72,25,2,0,58,53,302,119,25,31,79,2,0,
115409,Harvey Mudd College,21,211,75,37542,76947,10,24,97,902,48,42,48,10,0,92,85,323,116,25,26,29,62,0,
212911,Haverford College,21,321,52,51065,73902,19,18,97,1310,51,10,75,14,0,92,86,601,166,26,45,25,60,0,
107080,Hendrix College,21,310,100,42156,63174,71,73,86,1202,52,64,35,1,1,71,91,476,123,19,22,55,9,0,
170286,Hillsdale College,21,329,97,18548,41778,37,34,91,1468,48,25,73,1,1,87,73,612,166,67,78,11,81,0,
191630,Hobart William Smith Colleges,21,473,98,34279,72040,55,59,86,2229,51,37,58,4,1,78,72,613,224,29,45,36,40,0,
232308,Hollins University,21,141,100,34726,55655,,64,78,676,100,41,47,9,3,55,50,279,101,9,19,42,36,0,
170301,Hope College,21,705,96,17612,47000,71,78,89,3149,62,68,30,2,0,79,68,731,272,41,57,32,35,0,
191676,Houghton College,21,247,99,20114,45626,93,96,91,988,60,69,27,2,2,71,63,210,90,10,13,31,58,0,
488068,Huntington University of Health Sciences,21,6,,,,,,,115,83,33,67,0,0,,,14,8,5,5,0,2,0,
145691,Illinois College,21,200,100,25943,43870,71,80,77,983,51,83,13,4,0,70,59,231,74,31,37,84,6,0,
145646,Illinois Wesleyan University,21,389,100,31827,61020,60,58,91,1693,52,78,19,3,0,79,75,475,158,33,38,50,13,0,
198756,Johnson C Smith University,21,220,94,13253,32136,46,46,69,1480,61,53,46,1,0,36,38,308,116,9,17,28,55,0,
101541,Judson College,21,48,100,18277,33272,,48,62,268,99,86,14,0,0,35,31,108,46,12,15,2,92,0,
213251,Juniata College,21,316,100,33103,60368,67,73,84,1423,57,63,31,5,0,79,72,402,136,18,22,21,71,0,
170532,Kalamazoo College,21,291,100,35051,61531,70,74,91,1467,57,64,30,5,1,79,73,378,121,4,10,42,51,0,
203535,Kenyon College,21,434,73,33800,71780,33,38,91,1730,55,10,78,12,0,87,89,641,216,15,25,21,57,0,
146427,Knox College,21,317,100,34798,58324,71,77,81,1333,57,47,40,12,0,75,69,393,121,19,29,54,2,0,
213385,Lafayette College,21,615,57,44460,71270,26,33,93,2642,52,18,74,8,0,87,85,874,270,25,41,38,45,0,
146481,Lake Forest College,21,356,99,34421,60980,55,60,83,1492,57,49,38,13,0,69,64,337,127,29,37,31,31,0,
220598,Lane College,21,176,97,9201,21900,,,50,1232,48,62,38,0,0,24,13,258,71,12,16,56,31,0,
239017,Lawrence University,21,350,100,33979,60141,60,65,85,1463,54,22,65,14,0,80,64,513,186,29,42,52,20,0,
209056,Lewis & Clark College,21,520,95,30358,66526,70,76,82,2087,61,10,86,4,0,75,75,698,287,54,73,48,37,0,
209065,Linfield College-McMinnville Campus,21,307,100,29144,59007,74,86,79,1376,61,59,40,1,0,65,57,347,155,10,17,37,47,0,
159382,Louisiana State University-Alexandria,21,390,96,6252,26526,59,55,56,3164,69,93,5,0,1,30,12,253,112,5,10,13,69,0,
153834,Luther College,21,489,100,31966,55805,60,65,84,2005,57,27,63,10,0,79,71,445,177,18,26,34,48,0,
213668,Lycoming College,21,255,100,35487,56155,68,64,75,1142,53,53,41,7,0,67,59,304,97,8,15,47,46,0,
106342,Lyon College,21,124,100,22736,41420,50,50,71,655,43,54,45,1,0,49,35,180,56,12,16,36,31,0,
173902,Macalester College,21,532,83,37169,68627,40,42,96,2174,60,18,65,17,0,90,84,654,223,70,91,38,27,0,
182917,Magdalen College,21,22,100,22603,34756,47,35,73,83,54,29,71,0,0,69,58,18,8,4,5,83,17,0,
213783,Mansfield University of Pennsylvania,21,343,98,9014,38762,90,94,71,1597,61,86,14,0,0,46,30,336,140,0,7,86,1,0,
230940,Marlboro College,21,27,100,32455,56458,56,60,61,142,56,13,84,3,0,63,55,98,37,0,3,23,50,0,
118541,Marymount California University,21,192,84,17045,55822,,,54,735,49,68,12,20,0,33,24,123,42,5,6,11,74,0,
192864,Marymount Manhattan College,21,412,98,17484,58110,72,80,68,2063,78,24,72,3,1,48,35,403,186,10,17,12,70,0,
167288,Massachusetts College of Liberal Arts,21,288,100,7761,34910,68,77,70,1277,62,72,27,0,0,56,39,349,117,41,48,32,45,0,
198950,Meredith College,21,386,100,22203,50796,,63,80,1603,100,85,9,6,0,61,51,464,162,39,50,23,48,0,
230959,Middlebury College,21,640,53,48613,71980,18,16,96,2564,53,4,85,1,10,91,86,1182,336,43,62,38,42,0,
175980,Millsaps College,21,163,100,31896,56631,58,60,79,799,52,44,47,5,4,64,68,286,93,0,5,24,26,0,
147341,Monmouth College,21,196,100,30968,49590,66,73,73,914,50,71,27,2,0,57,47,281,98,17,24,11,11,0,
214157,Moravian College,21,547,100,28466,60164,73,73,81,2139,61,69,30,1,0,68,67,500,212,5,12,49,43,0,
140553,Morehouse College,21,392,95,20025,48500,58,,75,2206,0,23,76,1,0,54,38,367,155,6,6,12,3,0,
166939,Mount Holyoke College,21,538,75,34470,66558,,51,92,2208,100,17,55,28,0,83,77,932,229,56,78,36,51,0,
214175,Muhlenberg College,21,568,95,33530,67535,58,65,88,2340,61,27,71,2,0,82,81,631,236,24,25,20,56,0,
262129,New College of Florida,21,213,99,12529,43678,78,76,76,808,62,77,19,3,2,60,54,318,100,4,12,82,13,0,
440396,New Saint Andrews College,21,24,,,,95,100,86,160,54,28,66,6,0,64,57,,,,,99,1,0,
204501,Oberlin College,21,665,88,31024,74636,34,38,89,2785,57,6,81,13,0,86,72,1030,336,29,74,62,16,0,
120254,Occidental College,21,474,75,38770,74132,37,38,90,1930,58,37,56,7,0,85,76,710,212,33,52,19,62,0,
140696,Oglethorpe University,21,217,99,30402,55250,66,59,80,1264,57,81,17,2,0,54,34,190,80,9,14,11,78,0,
204909,Ohio Wesleyan University,21,299,100,33663,61910,65,73,77,1561,54,53,36,8,2,67,61,459,183,27,43,32,40,0,
457484,Pacific Rim Christian University,21,22,72,6143,21877,73,67,60,126,43,73,14,5,9,29,16,17,6,3,4,98,0,0,
214731,Pennsylvania State University-Penn State Brandywine,21,186,,,41226,89,85,72,1351,40,89,9,2,0,47,18,196,94,3,5,40,27,0,
167455,Pine Manor College,21,33,100,30529,48290,46,36,64,373,43,56,44,0,0,38,23,124,52,13,18,40,47,0,
121257,Pitzer College,21,264,48,36748,72900,17,12,91,1072,56,34,58,8,0,84,83,334,105,37,41,29,62,0,
121345,Pomona College,21,392,61,53449,71996,9,7,97,1573,51,26,74,0,0,94,92,767,228,61,65,29,62,0,
218539,Presbyterian College,21,199,100,32902,52910,64,73,76,1080,53,72,26,2,0,66,59,329,111,4,10,19,64,0,
148016,Principia College,21,97,99,28186,43080,93,91,88,447,45,11,72,17,0,75,60,312,72,16,22,29,67,0,
455770,Providence Christian College,21,22,100,21865,45929,85,91,77,171,45,80,17,0,3,33,56,36,12,0,1,23,51,0,
207157,Randall University,21,27,96,9526,27656,51,50,41,295,41,73,26,0,1,23,39,45,23,2,3,97,1,0,
233301,Randolph College,21,119,100,30563,57115,83,88,65,600,63,75,23,1,1,59,54,262,68,5,13,17,63,0,
233295,Randolph-Macon College,21,332,100,27640,55860,67,67,86,1488,53,77,20,3,0,66,52,400,127,29,39,15,55,0,
209922,Reed College,21,343,60,41067,73207,34,36,88,1483,54,6,84,10,0,81,66,525,170,24,48,22,63,0,
221351,Rhodes College,21,492,96,32069,63040,40,48,90,2008,56,28,68,4,0,85,76,531,198,12,18,57,17,0,
239628,Ripon College,21,157,99,31602,54558,66,71,79,807,53,70,29,0,0,68,57,174,65,6,9,36,40,0,
233426,Roanoke College,21,439,100,32655,61095,72,73,78,2014,58,54,44,2,0,67,57,473,187,9,13,11,16,0,
176318,Rust College,21,85,100,6349,16700,50,55,49,846,59,34,64,0,2,33,19,171,44,11,21,99,0,0,
183239,Saint Anselm College,21,430,99,24812,59294,81,73,91,2024,61,18,81,1,0,77,68,618,178,15,37,24,47,0,
174792,Saint Johns University,21,384,100,31031,57809,80,,87,1667,0,73,22,4,1,76,73,459,144,22,39,41,45,0,
152390,Saint Mary's College,21,339,100,29849,57300,,82,85,1485,99,31,67,1,0,78,71,439,172,16,25,33,37,0,
231059,Saint Michael's College,21,427,100,29229,59765,79,86,84,1694,54,12,86,2,0,77,73,391,141,18,28,34,38,0,
239716,Saint Norbert College,21,529,100,23167,50133,76,79,83,2132,59,79,21,0,0,71,67,586,149,29,39,36,34,0,
215798,Saint Vincent College,21,373,100,27804,50329,63,75,82,1676,45,74,25,0,0,77,62,403,132,14,26,97,0,0,
199607,Salem College,21,187,98,27132,46926,30,40,72,704,97,73,24,0,3,60,57,180,75,0,5,15,73,0,
195304,Sarah Lawrence College,21,310,86,31847,72670,56,56,80,1410,73,17,69,12,1,73,76,449,179,15,25,28,48,0,
123165,Scripps College,21,243,60,34054,73756,,24,92,1052,100,37,58,5,0,88,80,325,108,33,35,29,62,0,
237792,Shepherd University,21,638,96,7781,32403,87,92,69,3380,56,64,35,1,0,48,27,458,190,20,30,58,2,0,
154350,Simpson College,21,347,100,31789,52040,82,87,77,1396,53,81,19,0,0,70,53,301,126,1,5,12,17,0,
195526,Skidmore College,21,599,60,48141,71730,27,27,91,2612,61,31,57,12,0,86,85,980,320,28,47,71,17,0,
167835,Smith College,21,616,71,43796,72701,,31,93,2502,100,12,72,16,0,89,86,1173,375,103,147,28,50,0,
399911,Soka University of America,21,118,100,34557,48996,39,39,92,428,66,24,31,45,0,90,86,215,60,3,13,17,62,0,
233611,Southern Virginia University,21,149,100,7284,28261,62,76,81,1023,53,12,84,1,3,31,24,213,63,15,18,15,73,0,
228343,Southwestern University,21,330,100,28070,55970,43,47,81,1434,55,90,8,2,0,74,66,415,125,18,25,27,57,0,
141060,Spelman College,21,465,97,9831,52929,,39,91,2171,100,23,76,1,0,75,73,596,202,21,24,12,3,0,
102234,Spring Hill College,21,272,100,33391,57676,65,66,72,1254,61,41,54,5,0,59,45,231,101,5,9,34,49,0,
195216,St Lawrence University,21,573,100,36583,70630,41,52,89,2441,55,36,55,9,0,82,80,750,213,99,122,50,36,0,
174844,St Olaf College,21,697,98,32811,60590,49,50,91,3048,57,42,48,9,0,86,85,675,252,40,59,27,48,0,
163976,St. John's College,21,81,98,35333,67325,56,59,91,474,48,14,67,19,0,76,70,162,59,0,6,94,1,0,
245652,St. John's College,21,70,97,43129,67916,67,67,74,320,44,18,63,18,0,64,42,149,43,0,2,93,0,0,
163912,St. Mary's College of Maryland,21,392,95,9453,46140,78,81,82,1552,58,92,7,0,0,80,65,423,160,7,20,46,5,0,
231095,Sterling College,21,30,95,27755,50900,93,93,57,136,48,45,35,0,20,44,57,48,17,5,6,34,9,0,
230630,Stevens-Henager College,21,18,100,8929,,,,67,125,49,100,0,0,0,29,30,20,11,1,2,94,0,0,
102270,Stillman College,21,93,98,7220,25092,42,39,68,797,57,77,22,1,0,29,9,141,46,1,5,42,55,0,
167996,Stonehill College,21,603,100,24951,61246,62,76,87,2535,60,64,34,1,0,79,76,617,207,0,16,13,24,0,
196219,SUNY at Purchase College,21,905,84,8626,36762,59,69,81,4134,58,85,14,1,0,63,54,803,269,15,32,71,2,0,
216278,Susquehanna University,21,521,98,35078,62480,83,86,80,2393,57,62,36,2,0,71,70,514,183,5,14,12,55,0,
216287,Swarthmore College,21,395,63,51408,71167,11,8,97,1559,51,9,78,13,0,94,88,908,233,70,101,36,47,0,
233718,Sweet Briar College,21,26,99,11863,38100,,76,73,336,97,49,48,3,0,46,54,198,49,4,5,85,0,0,
102298,Talladega College,21,101,61,8481,23745,,,70,1208,49,22,77,0,1,24,10,167,53,0,3,11,88,0,
142294,The College of Idaho,21,180,100,22306,43349,51,48,79,946,52,53,27,0,20,70,46,256,97,5,7,23,10,0,
206589,The College of Wooster,21,450,99,35748,64000,50,58,87,2004,54,29,52,17,2,75,69,669,199,46,62,23,21,0,
454184,The King's College,21,113,99,23164,58425,51,56,79,554,66,9,86,6,0,51,47,99,35,0,1,7,92,0,
221519,The University of the South,21,389,98,25979,60950,65,66,89,1698,51,22,74,4,0,84,79,733,186,29,34,37,40,0,
233897,The University of Virginia's College at Wise,21,258,98,10444,42323,77,77,72,2065,62,85,13,1,0,48,22,354,138,0,5,37,58,0,
124292,Thomas Aquinas College,21,83,80,14665,36738,81,73,91,407,51,36,58,7,0,86,75,90,38,0,1,81,0,0,
183275,Thomas More College of Liberal Arts,21,25,96,16111,33500,42,57,77,90,58,26,74,0,0,30,75,20,8,0,0,51,0,0,
176406,Tougaloo College,21,113,100,9653,22840,96,91,74,726,68,70,28,2,0,35,24,276,67,0,1,31,10,0,
157818,Transylvania University,21,230,100,26418,52310,89,89,82,987,59,80,19,1,0,75,70,283,91,14,22,24,39,0,
130590,Trinity College,21,506,56,46132,74160,31,36,91,2182,50,15,69,15,0,84,80,687,247,67,86,17,23,0,
196866,Union College,21,514,85,31272,70860,37,40,95,2197,46,29,60,0,11,88,81,800,219,6,20,18,25,0,
128328,United States Air Force Academy,21,1003,,,,12,9,95,4336,27,7,91,2,0,85,80,317,209,7,35,52,48,0,
197036,United States Military Academy,21,1030,,,,12,10,97,4589,23,6,93,0,1,85,82,934,269,20,52,27,64,0,
164155,United States Naval Academy,21,1066,,,,9,8,97,4512,28,7,91,1,0,91,88,847,315,41,65,50,36,0,
483595,Universidad Ana G. Mendez-Online Campus,21,0,,,,,,,0,,,,,,,,21,8,0,0,0,85,0,
487296,University of Arizona-South,21,147,,,,,,,394,56,,,,,,,84,45,11,11,24,18,0,
161244,University of Maine at Machias,21,73,99,7687,27195,,,55,675,71,85,14,1,0,29,18,81,39,1,2,17,59,0,
174251,University of Minnesota-Morris,21,325,98,12038,26284,61,64,78,1552,57,77,20,3,0,66,50,364,134,4,11,21,67,0,
183071,University of New Hampshire at Manchester,21,194,89,8502,45506,92,94,84,727,53,96,4,0,0,41,41,115,63,4,7,43,48,0,
199111,University of North Carolina at Asheville,21,802,94,7144,36912,91,95,73,3743,57,84,15,1,0,63,38,721,253,38,44,24,66,0,
157535,University of Pikeville,21,182,100,17047,37750,,,60,1499,53,78,21,1,0,29,15,324,108,19,31,13,49,0,
215275,University of Pittsburgh-Greensburg,21,240,96,8880,40522,72,74,67,1508,54,92,7,1,0,35,25,181,80,0,0,55,30,0,
243151,University of Puerto Rico-Cayey,21,552,80,5668,,71,73,81,3107,65,100,0,0,0,48,8,439,120,9,27,93,0,0,
243212,University of Puerto Rico-Ponce,21,399,96,5429,,38,33,84,2828,58,100,0,0,0,47,10,346,111,7,18,81,0,0,
236328,University of Puget Sound,21,552,100,26508,65616,85,91,81,2364,60,26,73,1,0,76,70,681,260,34,51,37,41,0,
233374,University of Richmond,21,825,64,41609,67020,32,28,93,3295,53,16,74,9,0,87,84,1696,478,113,156,33,42,0,
207722,University of Science and Arts of Oklahoma,21,152,96,12032,28710,52,53,62,852,68,100,0,0,0,46,26,151,49,12,14,24,1,0,
218654,University of South Carolina Beaufort,21,351,93,7020,36188,58,66,63,2116,69,83,15,1,0,32,10,267,114,3,9,17,82,0,
449870,University of the West,21,26,83,9373,25914,,,18,140,56,89,6,6,0,48,17,55,15,10,11,57,2,0,
240374,University of Wisconsin-Parkside,21,718,81,5353,27586,67,67,71,4060,53,85,14,1,0,38,5,474,189,6,18,37,42,0,
240426,University of Wisconsin-Superior,21,417,76,4261,27284,79,77,70,2296,62,44,42,14,0,36,23,364,133,7,14,7,79,0,
216524,Ursinus College,21,320,99,37320,68122,67,74,89,1435,51,59,39,2,0,79,73,393,135,16,22,32,59,0,
197133,Vassar College,21,627,61,47917,72760,33,21,96,2456,59,22,65,0,13,92,87,1040,301,30,70,46,38,0,
234085,Virginia Military Institute,21,351,92,16807,58338,51,54,89,1685,13,57,42,1,0,78,64,607,161,8,19,32,51,0,
234164,Virginia Union University,21,252,96,9978,31358,41,45,68,1193,55,61,38,0,1,33,16,307,105,37,48,48,32,0,
234137,Virginia University of Lynchburg,21,16,98,3519,25329,,,89,233,33,49,50,0,1,13,19,54,15,14,15,99,0,0,
234173,Virginia Wesleyan University,21,259,100,24820,50517,72,69,62,1351,59,75,25,0,0,52,37,269,105,40,46,27,51,0,
152673,Wabash College,21,198,100,35965,57250,65,0,86,882,0,73,22,4,0,71,64,273,92,0,4,30,58,0,
199865,Warren Wilson College,21,101,97,26150,51100,80,89,65,657,65,42,55,2,1,52,46,205,67,27,32,19,60,0,
154527,Wartburg College,21,269,98,31180,53675,71,79,79,1498,53,65,29,6,0,67,64,363,115,0,4,30,37,0,
216667,Washington & Jefferson College,21,310,100,35421,61814,79,85,81,1356,49,72,27,1,0,73,71,360,127,11,19,40,3,0,
234207,Washington and Lee University,21,434,66,47199,70500,20,22,96,1829,50,16,79,4,0,95,88,915,263,0,23,40,44,0,
164216,Washington College,21,317,100,33014,64542,62,65,84,1367,59,41,58,1,0,68,70,489,131,38,45,41,43,0,
168218,Wellesley College,21,577,66,52403,72250,,20,96,2534,98,12,72,15,1,92,82,1106,350,21,52,29,43,0,
197230,Wells College,21,109,100,34448,56650,73,81,70,471,64,71,27,2,0,60,50,173,50,12,15,26,72,0,
141325,Wesleyan College,21,173,100,21425,34860,,48,78,725,92,85,12,3,0,52,49,169,66,18,23,19,65,0,
130697,Wesleyan University,21,763,47,50786,72669,21,15,96,3009,55,6,80,14,0,89,87,966,387,38,78,47,40,0,
179946,Westminster College,21,164,100,19254,42630,93,96,76,717,44,82,16,3,0,58,54,172,59,27,32,13,69,0,
216807,Westminster College,21,253,100,28351,50186,65,68,77,1198,53,72,28,0,0,73,62,306,106,3,10,52,1,0,
125727,Westmont College,21,290,99,29923,62600,67,60,82,1277,61,70,29,1,0,75,74,327,124,31,39,9,12,0,
149781,Wheaton College,21,621,88,20409,49300,83,82,92,2401,55,21,70,9,0,87,82,832,261,21,44,57,26,0,
168281,Wheaton College,21,309,99,38167,68050,62,75,87,1760,61,34,58,0,8,78,76,509,156,15,24,51,29,0,
237057,Whitman College,21,337,88,26260,68082,48,52,90,1475,57,27,66,7,0,87,82,503,198,16,34,48,37,0,
125763,Whittier College,21,356,98,32748,63828,75,77,76,1732,58,78,19,2,1,66,58,402,150,74,78,28,27,0,
210401,Willamette University,21,441,100,28273,65109,77,89,83,1808,58,26,73,0,1,74,70,591,213,8,26,55,33,0,
107877,Williams Baptist University,21,71,100,9682,29630,55,57,52,479,43,67,28,6,0,38,30,117,33,8,11,39,61,0,
168342,Williams College,21,511,63,55897,73200,13,13,99,2095,48,12,78,9,0,95,86,1133,342,44,83,28,56,0,
206525,Wittenberg University,21,363,100,29504,53056,70,76,70,1757,55,79,21,1,0,62,61,373,142,13,17,49,22,0,
218973,Wofford College,21,379,98,31824,60363,60,66,88,1666,53,55,42,3,0,81,77,440,152,23,34,14,60,0,
141361,Young Harris College,21,194,99,24513,43389,67,62,76,1425,55,80,12,8,0,41,32,208,87,20,23,5,37,0,